,User,Tweet
0,Theonem2,@amandine_lafont @SNCF En train de reconsidÃ©rer le sujet de ton mÃ©moire ?
1,crepin_06,RT @AvocatMORTIER: ğŸ†˜ Appel Ã  la magie de Twitter ğŸ™ et @SNCF @GroupeSNCF  Mon mari est redescendu du TGV #Montpellier-#Metz dÃ©part 13h58 enâ€¦
2,ChmemsX,RT @vrt_ar7: @VinSm0kuu @SNCF @SNCB Un problÃ¨me avec les portails direction lâ€™Ã©cole dâ€™archimerde ?
3,MonSrvAUclient,"#SNCF vous avez vraiment besoin d'un client rÃ©el pour rendre vos processus clients intelligibles.
Croyez-vous qu'un utilisateur lambda est capable de comprendre vos conditions particuliÃ¨res (et piÃ¨ges), ainsi que la carte avantages ?
@SNCFConnect @sncf @sncfnumerique @GroupeSNCF https://t.co/GBHecd7vGL"
4,BenjaminWillen,@SNCF vous Ãªtes fiers de faire de la merde dans votre boulot (quand vous nâ€™Ãªtes pas en grÃ¨veâ€¦). 1 seule rame en heure de pointe. On essaie de vous expliquer ou Ã§a ne sert Ã  rien car vous ne percuterez pas? #idiots https://t.co/MmzMh8C5AX
5,flemmitude,@SNCF je vous deteste du plus profond de mon coeur
6,smectalia,@SNCF on dÃ©pense un rein mensuellement pour votre abonnement de mort pour que la moitiÃ© des trains soient annulÃ©s vous Ãªtes aussi dÃ©fectueux que notre prÃ©sident bande de ploucs
7,Paul4Max,"A la @SNCF il y a plusieurs formations, les deux plus importante :
- Conduite de trains 
-LA GRÃˆVE !!

SORTEZ VOUS LES DOIGTS OU FAITES DE GROSSES PROMOTIONS !!!!

Je comprend pas pourquoi la SNCF est encore sur le marchÃ© !

#France #EmmanuelMacron #SNCF #etudiants"
8,giyuzaki,@SNCF @TGVINOUI jâ€™viens de payer 162 â‚¬ osez mÃªme pas annuler mon train une 3 eme fois
9,EoepNdnn5,"RT @MalbecJu: ""Non un TGV n'Ã©met pas 80 fois moins de CO2 qu'un avion"" La @SNCF, premiÃ¨re sur les grÃ¨ves et maintenant premiÃ¨re sur le #Greâ€¦"
10,smectalia,@SNCF allez pourrir en enfer bordel
11,PucesLapin,"RT @ParisZoopolis: ğŸ“£Depuis des semaines, PAZ alerte la Mairie de #Paris @C_Najdovski sur ce filet qui piÃ¨ge et tue des #pigeons
â¡ï¸rue de laâ€¦"
12,its2_07am,"Dites, @SNCF a part empÃªcher les Ã©tudiants de rentrer voir leurs familles en annulant les trains  (trop souvent) et / ou en nous faisant payer des prix au dessus de nos moyens, vous travaillez parfois?"
13,sis57551729,"RT @ParisZoopolis: ğŸ“£Depuis des semaines, PAZ alerte la Mairie de #Paris @C_Najdovski sur ce filet qui piÃ¨ge et tue des #pigeons
â¡ï¸rue de laâ€¦"
14,oriane_petit23,SNCF je vous hais a supprimer tous les trains Ã  cause de la neige comme si c'Ã©tait la premiÃ¨re fois qu'il y en avait bordel vous faites chier . @SNCF @GroupeSNCF
15,youssefghita14,"RT @MalbecJu: ""Non un TGV n'Ã©met pas 80 fois moins de CO2 qu'un avion"" La @SNCF, premiÃ¨re sur les grÃ¨ves et maintenant premiÃ¨re sur le #Greâ€¦"
16,DickCecile,"Ã‰quation du jour :
Sachant que, une heure avant son dÃ©part thÃ©orique, mon train est annoncÃ© avec 40 minutes de retard
Sachant de plus que j'avais 26 minutes pour attraper ma correspondance
Calculer le coefficient de galÃ¨re
Merci @SNCF si vous avez la solution"
17,IAMMATHARTIST1,@TERNouvelleAQ @SNCF @SNCFReseau Merci beaucoup! J'espÃ¨re que mes trains ne seront pas annulÃ©s! ğŸ˜Š
18,__SlyTheSly__,"@SNCF J'ai appelÃ©, Ã§a a raccrochÃ© automatiquement aprÃ¨s VINGT minutes d'attente...
#SNCF"
19,BernaFrederic6,RT @AvocatMORTIER: ğŸ†˜ Appel Ã  la magie de Twitter ğŸ™ et @SNCF @GroupeSNCF  Mon mari est redescendu du TGV #Montpellier-#Metz dÃ©part 13h58 enâ€¦
20,Melielaf,"@SNCF Bordeaux-Limoges dÃ©part Ã  17h25 TER NA L31. Je suis arrivÃ©e hier Ã  Bordeaux je devais partir auj mais malheureusement je ne peux pas. Du coup jâ€™ai manquÃ© le J-1 pour lâ€™Ã©change :3 Le billet est Ã  37,50â‚¬ payer deux fois le retour Ã  quelques jours de NoÃ«l me chagrine ğŸ˜°ğŸ˜¢"
21,JulieGFY,"@SNCF  Bonjour, je n'arrive pas Ã  savoir si mon trajet de demain 16/12 est confirmÃ© SVP ? TGV 8811 Paris Nantes + car 57505 Nantes La Barre de Monts ; merci par avance"
22,SNCFConnect,"@JulieGFY Bonjour, 
Afin d'assurer une prise en charge spÃ©cifique de votre demande, je me permets d'ajouter mes collÃ¨gues @SNCF Ã  la boucle.
Bonne fin de journÃ©e."
23,Comellse,"Reeeeeel, hier Ã  10min du match vous arrivez avoir des problÃ¨mes de train @SNCF  @RERB https://t.co/IReBXYRtSQ"
24,tornadeimprevue,"@SNCF Bornes achat billets grandes lignes non tactiles Ã  la gare de Perpignan 66, faut taper 15 fois sur le mÃªme truc pour que Ã§a rÃ©agisse, du coup Ã§a prend 107 ans. Et Ã§a donne mÃªme pas au moins le reÃ§u pour le paiement, au final."
25,tornadeimprevue,"@SNCF Bornes achat billets grandes lignes non tactiles Ã  la gare de Perpignan 66, faut taper 15 fois sur le mÃªme truc pour que Ã§a rÃ©agisse, du coup Ã§a prend 107 ans. Et Ã§a donne mÃªme pas au moins le reÃ§u pour le paiement, au final."
26,TERNouvelleAQ,"@IAMMATHARTIST1 @SNCF @SNCFReseau Bonsoir, dans l'immÃ©diat, les trains prÃ©vus sont maintenus. Mais cette information est Ã  prendre avec beaucoup de prÃ©caution : nos Ã©quipes sont en train de finaliser le plan de transport prÃ©vu ce weekend. Nous devrions avoir plus de visibilitÃ© demain."
27,LouBel_,"Des trains avec 30min de retard, des tempÃ©ratures nÃ©gatives, la @SNCF qui ferme ses salles d'attente chauffÃ©e MAIS qui y laisse la lumiÃ¨re allumÃ©e. 
#sncf #mulhouse https://t.co/xG4ZzHuJ5v"
28,IAMMATHARTIST1,"Bonjour @SNCF @TERNouvelleAQ @SNCFReseau  est-ce que le trajet ChÃ¢teauroux-Pau, passant par Limoges et Bordeaux partant Ã  6h27 samedi 17 dÃ©cembre et arrivent Ã  13h37 est maintenant?"
29,vhopiece,@SNCF on fait comment ?
30,Melielaf,"Bonjour @SNCF, je devais partir ce soir dans un TER finalement aprÃ¨s un empÃªchement, je compte partir demain. Sauf que câ€™est un billet non Ã©changeable et non remboursableâ€¦MÃªme sâ€™il est au mÃªme prix, je prÃ©sume que je vais devoir acheter demain un autre billet ? ğŸ˜­"
31,amandine_lafont,"Je n'ai pas l'habitude de tweeter mais  la @SNCF c'est plus possible, vous devez bien vous rendre compte qu'il y a un problÃ¨me dans la gestion des choses ! Vous ne donnez pas envi d'Ãªtre Ã©colo."
32,classedeouf,La @SNCF qui met des trains courts en heure de pointe sur des lignes hyper frÃ©quentÃ©eâ€¦ğŸ¤¦ğŸ¾â€â™€ï¸
33,MickaelRos,"@SNCF bonjour ! Ter annulÃ© sans avertissement Ã  mon arrivÃ© en gare, on me dit de prendre le suivant Ã  18h11â€¦ ce qui ne me convient pas (rdv mÃ©dic Ã  18h30) donc je souhaite un remboursement rapide pour cette portion du trajet : on fait comment ?"
34,vhopiece,"@SNCF Bonjour, mon train pour Bordeaux St Jean de samedi vient dâ€™Ãªtre annulÃ©, pouvez vous rÃ©pondre dm svp"
35,dosrizne12,@SNCF vous abusez vous avez chamboulÃ© son planning de lavage de cheveux merde https://t.co/jk1PWqClU1
36,7IM37,"La lÃ©gende dit qu'un jour, un twittos a rÃ©ussi Ã  se connecter au wifi de la gare @SNCF de Lyon... Mais je ne le connais pas personnellement ğŸ¤· https://t.co/HXmRJX9yYb"
37,GrunfeldP,RT @GrunfeldP: @groupepourlyon @Gregorydoucet @SNCF @hernandezLudo @lyonmag @tribunedelyon @leprogreslyon @F3Rhone_Alpes @lyoncap @actufr_lâ€¦
38,GrunfeldP,@groupepourlyon @Gregorydoucet @SNCF @hernandezLudo @lyonmag @tribunedelyon @leprogreslyon @F3Rhone_Alpes @lyoncap @actufr_lyon @BFMLyon Mettons toute notre Ã©nergie que Doucet et sa bande soit Ã©liminÃ© en 2026. Il est inadmissible qu'une clique incompÃ©tente et dÃ©magogue s'empare le pouvoir depuis 2020. Organisons nous dÃ©jÃ  pour 2023 en rejetant cette extrÃªme gauche Ã©cervelÃ©e.
39,GrunfeldP,"RT @groupepourlyon: ğŸš‰Le Maire, @Gregorydoucet , noue un partenariat avec la @SNCF sans en avoir les compÃ©tences ni inviter les acteurs pertâ€¦"
40,PK674_129,@AMimardo @bfc_region @ConducteurduTER @SNCF @TER_BFC_Trafic â€¦ et que le prix des Ã©nergies sâ€™envolent ! ğŸ¤”
41,artypop,@SNCF Ok. Merci de votre aide.
42,PetybPeter,"@unsereOEBB @toren_ruben @TorenRuben @Eurostar @British_Airways @ceskedrahy_ @DB_Bahn @SJ_AB @vygruppen @SNCF Just booked;
@CFR_Calatori IC/IRN Muntenia from Budapest-Keleti to Bucuresti Nord in a couchette."
43,artypop,@SNCF Bonjour. Est-ce que vous savez dÃ©jÃ  si le train 6618 (Lyon Perrache dÃ©part 12h49 -&gt; Paris) du 18/12 circulera malgrÃ© la grÃ¨ve ? Merci
44,cybersister,@boudet926 @SNCF ğŸ¤£ğŸ¤£ğŸ¤£
45,boudet926,@cybersister @SNCF C'est exactement ce Ã  quoi j'ai pensÃ© en voyant votre commande ğŸ¤£
46,botliberalisme,"RT @mort_cons: @KlinkertBrigitt @SNCF Lors de la rÃ©forme de la Sncf en 2018, il ne m'a pas semblÃ© vous entendre dire que Ã§a risquait d'aggrâ€¦"
47,letulpadedavid,@SNCF @SNCFVoyageurs Ok je vous envoie Ã§a en MP ğŸ‘
48,Marsuw27,Mais sÃ©rieux la gueule de @SNCB et @SNCF Ã  lâ€™image des deux pays quâ€™ils reprÃ©sentent. Câ€™est le Tiers Monde
49,mort_cons,"@KlinkertBrigitt @SNCF Lors de la rÃ©forme de la Sncf en 2018, il ne m'a pas semblÃ© vous entendre dire que Ã§a risquait d'aggraver plus encore les difficultÃ©s de cette entreprise. 
Ben voilÃ , on y est.
C est vous et votre parti qui souhaitez toujours de libÃ©ralisme.
C est con, hein ?"
50,__SlyTheSly__,@SNCF Pas possible de voyager au moins debout dans un autre train ? Vous Ãªtes gentil j'ai pas trop d'alternative hein...
51,_DelaCambriole,@SNCF câ€™est vraiment une entreprise de merde avec des gentils employÃ©s
52,__SlyTheSly__,"@SNCF Oui merci mais je viens d'Ã©crire que c'est plein, lÃ , sauf peut-Ãªtre un train, qui ferait que je ne loupe ""que"" NoÃ«l avec ma compagne...
Une partie de mes fÃªtes sont dÃ©jÃ  foutues en l'air, et on sait pas encore ce que Ã§a va donner Ã  l'aller..."
53,wtfberivan,@SNCF vous Ãªtes vraiment des incapables
54,winsleg,"RT @groupepourlyon: ğŸš‰Le Maire, @Gregorydoucet , noue un partenariat avec la @SNCF sans en avoir les compÃ©tences ni inviter les acteurs pertâ€¦"
55,Alexgld67,"@toresStras67 @EmmanuelMacron @SNCF @strasbourg @TGVINOUI Et alors ? Ca signifie peut Ãªtre simplement que c'est des mÃ©tiers qui intÃ©resse moins ? 
Il faudrait forcer les gens Ã  faire un mÃ©tier par leur couleur mais pas leur compÃ©tence ?"
56,sydniesux,@SNCF Merci beaucoup:)
57,TeoowTTV,ALLEZ NIQUER VOS MERES LA @SNCF
58,VinSm0kuu,@vrt_ar7 @SNCF @SNCB jâ€™suis stuck au zaap la tp est en cd
59,mlevhardy75,RT @AvocatMORTIER: ğŸ†˜ Appel Ã  la magie de Twitter ğŸ™ et @SNCF @GroupeSNCF  Mon mari est redescendu du TGV #Montpellier-#Metz dÃ©part 13h58 enâ€¦
60,UneAme3,"Avec la @SNCF ,on est jamais dÃ©Ã§u. 
Retard Ã  l'aller (TER supprimÃ© et TGV en retard), retard au retour. 
Mon TGV InouÃ¯ 8574 devait arriver Ã  Bordeaux Ã  16h14 (utilepour la correspondance). Il est 16h19 et nous sommes en pleine campagne. 
Ã‰videmment, pas d'information. 
Merci"
61,ThierryMaino,RT @AvocatMORTIER: ğŸ†˜ Appel Ã  la magie de Twitter ğŸ™ et @SNCF @GroupeSNCF  Mon mari est redescendu du TGV #Montpellier-#Metz dÃ©part 13h58 enâ€¦
62,RomainDasen,@SNCF TERGV de 15h50 de Lille Europe Ã  destination de Dunkerque
63,hernandezLudo,"RT @groupepourlyon: ğŸš‰Le Maire, @Gregorydoucet , noue un partenariat avec la @SNCF sans en avoir les compÃ©tences ni inviter les acteurs pertâ€¦"
64,dwaynax,@camille__75 @IsabelleSurply @SNCF Comme vous lâ€™avez signalÃ©. En Suisse  et nous ne sommes pas en Suisse mais en France. Il est toujours plus facile de prendre en exemple un pays oÃ¹ tout ce passe bien. Mais qui vous dit quâ€™il nâ€™aurait pas une contravention la bas ? Sachant que les lois sont respectÃ© Ã  la lettre.
65,RomainDasen,@SNCF Ã§a vous arrive de pas supprimer de train Ã  la derniÃ¨re minute ?
66,groupepourlyon,"ğŸš‰Le Maire, @Gregorydoucet , noue un partenariat avec la @SNCF sans en avoir les compÃ©tences ni inviter les acteurs pertinents. Alors, ""Make the #train great again"" ou coup de com' ? @hernandezLudo se le demande 
ğŸ‘‰https://t.co/yLf6UNKvbT https://t.co/crIpAh7qDZ"
67,sydniesux,@SNCF Vous me remboursez le trajet entier ou que le train supprimÃ©?
68,GuyCaria,"Hey @SNCF @OUIGO, la grÃ¨ve fout en l'air mon voyage. OK. Mais comment se fait-il que #OuiGo refuse de rembourser un des billets? OuiGo remet mon billet en vente et je ne serais remboursÃ© que si quelqu'un rachÃ¨te ma place. C'est une blague?"
69,letulpadedavid,"@SNCFVoyageurs @SNCF 
Bonjour, Y-a-t-il moyen de savoir les trains supprimÃ©s entre demain et dimanche compte tenu de la grÃ¨ve, svp ?
Merci !"
70,Chartreuse382,RT @AvocatMORTIER: ğŸ†˜ Appel Ã  la magie de Twitter ğŸ™ et @SNCF @GroupeSNCF  Mon mari est redescendu du TGV #Montpellier-#Metz dÃ©part 13h58 enâ€¦
71,MarieShani,RT @AvocatMORTIER: ğŸ†˜ Appel Ã  la magie de Twitter ğŸ™ et @SNCF @GroupeSNCF  Mon mari est redescendu du TGV #Montpellier-#Metz dÃ©part 13h58 enâ€¦
72,RemiTrain,"@ImFlub @SNCF Je vous invite Ã  contacter le Centre de Relations Usagers RÃ©mi 0 806 70 33 33, ils pourront certainement vous aider."
73,ClientsGares,"@demar_claire Bonjour @demar_claire, nous mettons @SNCF dans la boucle afin qu'il prenne connaissance de votre demande. Bonne journÃ©e !"
74,fernandezavocat,RT @AvocatMORTIER: ğŸ†˜ Appel Ã  la magie de Twitter ğŸ™ et @SNCF @GroupeSNCF  Mon mari est redescendu du TGV #Montpellier-#Metz dÃ©part 13h58 enâ€¦
75,pleasestandtall,@SNCF mon train ne sâ€™arrÃªte plus dans la gare ou je suis sensÃ©e descendre donc jâ€™ai du descendre Ã  lâ€™arrÃªt dâ€™avant et demander Ã  ce quâ€™on vienne me chercher jâ€™espÃ¨re que mon billet de train sera remboursÃ© !
76,ImFlub,"@RemiTrain @SNCF Ok mais je fais comment pour mon remboursement moi, j'arrive a la date limite pour le rÃ©clamer"
77,RemiTrain,@ImFlub @SNCF Je vous remercie pour votre retour. Je le signale au service concernÃ©.
78,ImFlub,"@RemiTrain @SNCF J'essaie de me faire rembourser pour le trajet catastrophique que j'ai passÃ©, on parle de 5Ã 6h de retard.

Et voulant remplir le formulaire, celui ci me redirige vers une page qui ne fonctionne pas. https://t.co/rbdJPCEIB7"
79,vrt_ar7,@VinSm0kuu @SNCF @SNCB Un problÃ¨me avec les portails direction lâ€™Ã©cole dâ€™archimerde ?
80,sydniesux,@SNCF vous avez supprimÃ© la derniÃ¨re partie de mon voyage et donc mes billets ne servent plus Ã  rien car je ne peux pas effectuer le trajet entier. Comment je peux faire pour Ãªtre remboursÃ© lâ€™intÃ©gralitÃ© des billets?
81,RemiTrain,@ImFlub @SNCF Bonjour Maxime. Je viens d'essayer et le site fonctionne normalement sur mon ordinateur. Est-ce que je peux vous renseigner ?
82,SNCFConnect,"@demar_claire Bonjour, 
Afin d'assurer une prise en charge spÃ©cifique de votre demande, je me permets d'ajouter mes collÃ¨gues @SNCF Ã  la boucle.
Bonne journÃ©e."
83,oreena13,@SNCF possible d'avoir une rÃ©ponse ?
84,Kbrody96,RT @AvocatMORTIER: ğŸ†˜ Appel Ã  la magie de Twitter ğŸ™ et @SNCF @GroupeSNCF  Mon mari est redescendu du TGV #Montpellier-#Metz dÃ©part 13h58 enâ€¦
85,ImFlub,"@SNCF et Ã©videmment votre site fonctionne pas @RemiTrain, c'est vraiment 0 en ce moment vos services https://t.co/WC17BILauw"
86,pedroegomez,@OUIGO_Es Por curiosidad. Â¿CuÃ¡ndo va a cumplir el gobierno francÃ©s la normativa comunitaria y va a dejar a @Renfe competir en territorio francÃ©s como nosotros hicimos con @SNCF y por ende con vosotros?.
87,margotcrine,@SNCF vous avez pas autre chose Ã  faire que dâ€™annuler des trains avant NoÃ«l ?
88,cybersister,@boudet926 Ben Ã  dÃ©faut de desserte correcte Fontenay-Niort par la @sncf  on va Ã©tudier la question des chars ğŸ˜‚
89,PernesGuy,"@AddictAbstinent Les transports en commun ce n'est pas que @JeanCASTEX pour la @RATPgroup  c'est aussi @JPFarandou pour @SNCF, @vpecresse pour @iledefrance et @Djebbari_JB pour le ministÃ¨re des transports. Pour les quais de la gare Montparnasse c'est du ressort de la @SNCF"
90,Pat_che5401,"@KlinkertBrigitt @SNCF Il vous suffit de passer voir votre collÃ¨gue des transports pour lui demander pourquoi il ne met pas de moyens dans les transports publics, plutÃ´t que venir pleurnicher devant tout le monde."
91,nicolinho30,@omassilia13 @SNCF Mdrrrrrrrrrrrrr jte dÃ©teste
92,omassilia13,@nicolinho30 @SNCF https://t.co/6QRgkQHLAt
93,MlleLolotte86,"@SNCF  pouvez vous me confirmer que le TER nÂ°870150 rodez - Brive-la-Gaillarde arrivÃ©e Ã  8h37 Ã  brive, sera maintenu?"
94,F3PoitouChtes,"Neuf #TGV sur dix seront assurÃ©s vendredi entre Paris et Bordeaux. Les plus grosses difficultÃ©s seront perÃ§ues sur ""l'Ã©toile de Bordeaux"". @SNCF #grÃ¨ve https://t.co/SuX2clYBNp"
95,GregoryBernard,RT @olivierbianchi1: PrÃ©sentation en gare de @ClermontFd des maquettes (en taille rÃ©elle) des futures rames Â«Â OxygÃ¨neÂ Â» de la ligne @Intercâ€¦
96,MattTerrat,"Bonjour @SNCF, le train 5060 du 17/12 a Ã©tÃ© supprimÃ©. 
Je n'arrive pas Ã  faire la modif ni Ã  annuler la correspondance suivante. 
Pouvez-vous m'aiguiller (blague de circonstance), svp ?"
97,ImFlub,"@SNCF comment demander un remboursement pour mon train TER NÂ° 14059 ?

D'autant plus que les donnÃ©es sont fausses, nous sommes arrivÃ© vers 22/23h en gare Les Aubrais https://t.co/Tfhu2lXQva"
98,MediabaskInfo,"J.-D. Elichiry insiste: sollicitÃ©e par les organisateurs de cette journÃ©e de blocage pour lui expliquer l'action, la @SNCF n'a jamais rÃ©pondu."
99,knivySg,"@stephaneprodx @SNCF @STRASS_Syndicat @LeParisien_75 @lemondefr Les prud'hommes sont lÃ  pour dÃ©fendre les droits des employÃ©s, la ya des fautes dans le licenciement en plus"
100,AvocatMORTIER,@SNCF @GroupeSNCF Merci de votre rÃ©ponse
101,ZOUICZOUICZOUIC,RT @AvocatMORTIER: ğŸ†˜ Appel Ã  la magie de Twitter ğŸ™ et @SNCF @GroupeSNCF  Mon mari est redescendu du TGV #Montpellier-#Metz dÃ©part 13h58 enâ€¦
102,SNCFConnect,"@RaphaelleRemand @SNCF @GroupeSNCF Bonjour, je suis navrÃ© pour ces complications. Regardons cela de plus prÃ¨s. Pouvez-vous, s'il vous plaÃ®t nous rejoindre en DM et nous prÃ©ciser votre rÃ©fÃ©rence de voyage ainsi que votre nom ? Bonne journÃ©e. 
https://t.co/Cs67MI6G2P"
103,knivySg,"@stephaneprodx @SNCF @STRASS_Syndicat @LeParisien_75 @lemondefr Ouai mais on doit changer Ã§a!!  et se faire entendre, c'est illÃ©gal."
104,SNCFConnect,"@HizarcOfficiel @GroupeSNCF @SNCF Bonjour, je suis navrÃ© pour ces complications. Pouvez-vous, s'il vous plaÃ®t nous rejoindre en DM et nous prÃ©ciser votre rÃ©fÃ©rence de voyage ainsi que votre nom ? Bonne journÃ©e. 
https://t.co/Cs67MI6G2P"
105,RaphaelleRemand,"Bonjour @SNCF @SNCFConnect @GroupeSNCF impossible d'obtenir un remboursement, pour mon train annulÃ©, sur Internet. Comment faire ?"
106,joskell,"RT @ParisZoopolis: ğŸ“£Depuis des semaines, PAZ alerte la Mairie de #Paris @C_Najdovski sur ce filet qui piÃ¨ge et tue des #pigeons
â¡ï¸rue de laâ€¦"
107,MHP06473830,RT @AvocatMORTIER: ğŸ†˜ Appel Ã  la magie de Twitter ğŸ™ et @SNCF @GroupeSNCF  Mon mari est redescendu du TGV #Montpellier-#Metz dÃ©part 13h58 enâ€¦
108,partiliberal,"RT @Bfl31: Bon @sncf avec tout Ã§a jâ€™ai pas eu le temps de mâ€™occuper de vous, EST CE QUON ANNULE DES TGV 2J AVANT LE DÃ‰PART ??"
109,MoonYaneiris,@SNCF comment Ã  6h du matin dans une gare toute petite je peux espÃ©rer qu'on me rembourse alors qu'en plus de Ã§a on doit prÃ©voir de faire 5h de trajet en voiture maintenant ????
110,AMimardo,@PK674_129 @bfc_region @ConducteurduTER @SNCF @TER_BFC_Trafic En mÃªme temps ils nâ€™ont pas vraiment dâ€™autre choix tant cette rÃ©gion nâ€™est pas attractive et lâ€™offre ferroviaire est mÃ©diocreâ€¦
111,MoonYaneiris,"@SNCF redonnez-moi mon argent svp !!! les gens n'ont pas 309â‚¬ Ã  dÃ©bourser comme Ã§a, surtout que Disneyland Ã§a se reporte pas"
112,HizarcOfficiel,@GroupeSNCF @SNCF @SNCFConnect vous en avez vraiment rien Ã  faire de vos clients ! On annule pour la deuxiÃ¨me fois mon train et quand je veux lâ€™Ã©changer je dois rajouter de lâ€™argent pour un train plus tÃ´t câ€™est quoi Ã§a ??? https://t.co/yGV5Hu7Um3
113,Prefet63,"DÃ©voilement des maquettes des nouvelles rames automotrices #OxygÃ¨ne Ã  la gare, en prÃ©sence notamment du PrÃ©fet, @SNCF, des Ã©lus locaux.
L'Ã‰tat investit 800Mâ‚¬ pour les rames dont
ğŸš„350Mâ‚¬ pour la ligne Paris-ClermontFd :
ğŸ‘‰Haut niveau de confort 
ğŸ‘‰AccessibilitÃ©
ğŸ‘‰RecyclabilitÃ© https://t.co/6vMcKvEMbO"
114,MoonYaneiris,La @SNCF qui annule notre voyage Ã  309â‚¬ pour aller Ã  Disneyland (GREVE ENCORE ET TJRS) et qui nous disent qu'on doit se prÃ©senter dans un point de vente avant le dÃ©part Ã  6h pour remboursement alors que la gare oÃ¹ on doit prendre le train est minus et qu'il n'y a jamais personne
115,AvocatMORTIER,"ğŸ†˜ Appel Ã  la magie de Twitter ğŸ™ et @SNCF @GroupeSNCF  Mon mari est redescendu du TGV #Montpellier-#Metz dÃ©part 13h58 en oubliant voiture 11 ou12 cartable noir contenant docs trÃ¨s importants cours, livres et corrigÃ©s fac de MÃ©decine 
ğŸ†˜ a remettre Ã  un contrÃ´leur Merci pr vos RT"
116,Ni45082454,Avec un danger pareil la @SNCF vous pouvez nous garantir la sÃ©curitÃ© dans vos trains. On a de gros doutes. Chaque fois que lâ€™on monte dans vos trains ğŸš‚ nous pouvons considÃ©rer que nous jouons Ã   la roulette russe. https://t.co/9HqsFsnyuJ
117,sandrafromparis,@Gubalda @eurostarfr @SNCF @SNCFConnect Grrr
118,NetteDou,"RT @ParisZoopolis: ğŸ“£Depuis des semaines, PAZ alerte la Mairie de #Paris @C_Najdovski sur ce filet qui piÃ¨ge et tue des #pigeons
â¡ï¸rue de laâ€¦"
119,PJouvenet,@SNCF a etre payer a rien faire ca vous changera pas la vie
120,PJouvenet,"@SNCF apres les cheminots , les aiguilleurs encore des greve ce week end et mon ami ne sait pas comment rentrer chez lui 115 â‚¬ qui ne lui seront peut etre remboursÃ© ca vous arrive de bosser ? j'ai jamais vu un tas de feignasses aussi enorme allez a pole emploi quitte 1/2"
121,MI2N_Eole,"RT @Agdeco_SNCF: Mission du jour : pilotage de la BB17016 de lâ€™#AAPSL 

Une belle dÃ©couverte avec des passionnÃ©s qui bichonnent cette vieilâ€¦"
122,kouslamoula,@Aulioh78 @SNCF J'aurai du prendre exemple sur toi c vrai
123,EmelineBoure,ğŸšQuand tu dois mettre toute ta confiance dans le wifi du TGV pour espÃ©rer voir la finale dimanche avec 40 athlÃ¨tes qui comptent sur toi ğŸ˜¬ #WorldcupQatar2022 @GroupeSNCF @SNCF dÃ©connez pas ğŸ˜°ğŸ‡«ğŸ‡·âš½ï¸ #WeekendBleuGrandBornand https://t.co/5ewQ8g9zWA
124,JulienTaillez,"@UNSAFerro_Off @chivotjl @SNCF Je ne partage quâ€™une chose ds votre tweet : les cheminots mÃ©ritent mieux effectivement ğŸ˜‰
En particulier en terme de reprÃ©sentativitÃ© ğŸ‘"
125,Bfl31,"Bon @sncf avec tout Ã§a jâ€™ai pas eu le temps de mâ€™occuper de vous, EST CE QUON ANNULE DES TGV 2J AVANT LE DÃ‰PART ??"
126,joanimaliste,"RT @Animal1Personne: MERCI DE FAIRE LE NÃ‰CESSAIRE
.@GroupeSNCF @SNCFVoyageurs @SNCF @SNCFConnect @SNCFReseau @ConnectGares @SNCFNumeriqueâ€¦"
127,joanimaliste,"RT @ParisZoopolis: ğŸ“£Depuis des semaines, PAZ alerte la Mairie de #Paris @C_Najdovski sur ce filet qui piÃ¨ge et tue des #pigeons
â¡ï¸rue de laâ€¦"
128,strumchloupfer,RT @MarieLaureGB: @idrilynn @SNCF @SNCFVoyageurs Le motif c'est qu'ils rackettent les gens Ã  cause de leur matos dÃ©fectueux
129,Aulioh78,@kouslamoula @SNCF https://t.co/EMtvMt1Uo7
130,strumchloupfer,"@MarieLaureGB @SNCF @SNCFVoyageurs Les usagers mettez vous d'accord point de rencontre internet et instaurez vous une ou des journÃ©es de grÃ¨ve sporatique usagers"" quand l'argent arrÃªtera de rentrer il inversement la bandaison il n'y a que Ã§a qui marche"
131,AthosYorkshire,"RT @Animal1Personne: MERCI DE FAIRE LE NÃ‰CESSAIRE
.@GroupeSNCF @SNCFVoyageurs @SNCF @SNCFConnect @SNCFReseau @ConnectGares @SNCFNumeriqueâ€¦"
132,UNSAFerro_Off,"@JulienTaillez @chivotjl @SNCF Il serait bon d'arrÃªter de dire n'importe quoi ! Notre delegation est partie lorsque la sÃ©ance a Ã©tÃ© levÃ©e par le DRH.
Les cheminots mÃ©ritent mieux que vos salades nausÃ©abondes."
133,SNCFConnect,"@Valvi08612075 @SNCF Bonjour, regardons cela de plus prÃ¨s. Pouvez-vous, s'il vous plaÃ®t nous rejoindre en DM et nous prÃ©ciser votre rÃ©fÃ©rence de voyage ainsi que votre nom ? Bonne journÃ©e."
134,Lenny_du_Nord,"@elvetino @DB_Bahn @RailService Schade, um die Zeit sitze ich noch bei den Kollegen der @SNCF am Croque Monsieur. ğŸ¥²"
135,FournaiseThomas,"Est ce qu'il existe une bdd avec la liste des incidents et leur durÃ©e de rÃ©solution chez @SNCF @TERPays2LaLoire @BB27000
Le but serait de fournir une information statistique aux voyageurs pour prendre une dÃ©cision rester dans le ter ou te ter un taxi / voiture"
136,kouslamoula,25min d attente pour mon RER je vous souhaite tout le malheur et le dÃ©sespoir du monde @SNCF
137,fredericbordes,@GG_Guerin @MathildeGracia @franceinfo @SNCF @CBeaune @Elisabeth_Borne @Elysee @CCILimoges @al_rousset @Prefet87 Comment sâ€™organise la suite pour engager les actions concrÃ¨tes pour amÃ©liorer lâ€™exploitation technique et commerciale de cette ligne ? Une rÃ©ponse avant NoÃ«l?
138,Lauraa_Gi,"RT @ParisZoopolis: ğŸ“£Depuis des semaines, PAZ alerte la Mairie de #Paris @C_Najdovski sur ce filet qui piÃ¨ge et tue des #pigeons
â¡ï¸rue de laâ€¦"
139,Animal1Personne,"MERCI DE FAIRE LE NÃ‰CESSAIRE
.@GroupeSNCF @SNCFVoyageurs @SNCF @SNCFConnect @SNCFReseau @ConnectGares @SNCFNumerique 
 (Rue de la JonquiÃ¨re, Paris 17 : retirer le filet.) https://t.co/WxAdD2Wj6m"
140,Napolivana,This morning I wanted to tweet that I was happy to leave on mission on @SNCF train to Italy but in fact 3 hours later I have not yet reached the first of my 4 stops (116 km) &amp; I am not sure I will ever reach my final destination! Reason? Snow (normal in #Strasbourg though). ğŸ‘ğŸ‘ https://t.co/NcaWZPsGbe
141,maanuuu58,"@SNCF Vous m'avez rendu heureux, bonne journÃ©e Ã  vous."
142,jeromejheelan,"Hello @SNCF @SNCFConnect 
Est-ce normal de ne pas Ãªtre prÃ©venu lorsque vous dÃ©cidez d'annuler un train ? #SNCF #SNCFTERSUD https://t.co/D0Zi9c17PM"
143,YusufSavior,@SNCF C'est fait je vous ai suivi afin de recevoir une rÃ©ponse. Merci de cette derniÃ¨re qui fut assez rapide
144,LyonNoisy,"@JOHN_KADLA @lyonmag @SNCF Oui. Ce que je voulais dire c'est qu'il faut bien clarifier l'article. Eelv Lyon a dÃ©jÃ  sa part ğŸ˜….

Mais c'est clair que les syndicats du rail nous les brisent... C'Ã©tait dÃ©jÃ  le cas il y a 3 ans de mÃ©moire avec X annulations"
145,maanuuu58,@SNCF numÃ©ro 7867
146,BONNIN1402,@PK674_129 @bfc_region @ConducteurduTER @SNCF @TER_BFC_Trafic Et les nombreux emplois directs et indirectes autour de DPY.
147,mrehm10,"RT @ParisZoopolis: ğŸ“£Depuis des semaines, PAZ alerte la Mairie de #Paris @C_Najdovski sur ce filet qui piÃ¨ge et tue des #pigeons
â¡ï¸rue de laâ€¦"
148,TERHDF,"@Pouicccc @SNCFConnect @SNCF @Intercites En ce qui concerne les IntercitÃ©s, ce sont nos collÃ¨gues du fil @SNCF qui pourront vous rÃ©pondre.
Bon aprÃ¨s-midi."
149,Pouicccc,"@TERHDF @SNCFConnect @SNCF @Intercites D'accord c'est notÃ©.
Qu'en est-il du train intercites nÂ°5966 de 10h27 au dÃ©part de Clermont-Ferrand et Ã  destination de Paris svp ?"
150,maanuuu58,@GroupeSNCF @SNCFConnect @SNCF ANNULER PAS LE TGV MARNE-LA-VALLÃ‰E - MONTPELLIER SUD DE FRANCE SAMEDI 17 DÃ‰CEMBRE DÃ‰PART 9:10 ! merciğŸ¤“
151,pascal_zambeau,"GrÃ¨ve du Ter depuis lundi, 3 allers/retours quotidiens au lieu de 38, neige et verglas depuis 2 jours.  Du tÃ©lÃ©travail en attendant les dÃ©lestages dâ€™Erdf ? #blackout @SNCF @TERGrandEst @JeanROTTNER @F3Lorraine https://t.co/RlVdHf3oEX"
152,MarieA47330163,"RT @ParisZoopolis: ğŸ“£Depuis des semaines, PAZ alerte la Mairie de #Paris @C_Najdovski sur ce filet qui piÃ¨ge et tue des #pigeons
â¡ï¸rue de laâ€¦"
153,JOHN_KADLA,"@LyonNoisy @lyonmag @SNCF Il n'est pas dit que la grÃ¨ve SNCF soit le fait de la mairie.

Cela a contribuÃ© Ã  une FDL en dessous des espÃ©rances.

- de visiteurs Ã  cause notamment de nos grÃ©vistes professionnels et une animation en berne, ce n'est pas bon pour les annÃ©es suivantes.

C'est un travail commun"
154,e_kuhn,"@SNCF Coucou, on en parle du bon d'achat de 14,88 euros que j'ai reÃ§u pour un train supprimÃ© qui m'avait coutÃ© 33 euros ? Vous en avez pas marre de vous foutre de la gueule du monde et de gratter partout ?"
155,PK674_129,"â¦@bfc_regionâ© renonce Ã  son grand soir de la #Concurrence ferroviaire !
â¦@ConducteurduTERâ© va Ãªtre gardÃ© plus longtemps chez â¦@SNCFâ© â¦@TER_BFC_Traficâ© ğŸ¤”. https://t.co/oDOjCFSglQ"
156,Lille_actu,"Le trafic des TER risque d'Ãªtre fortement perturbÃ© â¬‡ @SNCF
@TERHDF https://t.co/o6gJoUe76z"
157,SylvieDLcroiSTJ,RT @CJagueneau41: #POLT : il a fallu que @BenoitCoquart menace de dÃ©localiser le siÃ¨ge #Legrand et de quitter #limoges pour que l'on parleâ€¦
158,SylvieDLcroiSTJ,"RT @LaurentESQUENET: ğŸ›Le travail pour la circonscription, c'est aussi Ã  l'AssemblÃ©e ! J'ai participÃ© Ã  plusieurs rÃ©unions pour le #Lauragaiâ€¦"
159,SylvieDLcroiSTJ,"RT @IsabelleBrique2: Mobilisation des acteurs socio-Ã©conomiques, des organisations syndicales, des Ã©lus... ce matin en gare de #Limoges pouâ€¦"
160,SylvieDLcroiSTJ,RT @GG_Guerin: Merci @MathildeGracia @franceinfo de relayer le quotidien de centaines dâ€™usagers de la #Polt sans vivre lâ€™expÃ©rience on pourâ€¦
161,Maxou4187,"RT @ParisZoopolis: ğŸ•–Depuis des annÃ©es, PAZ interpelle les Mairies, @ClientsRATP et @SNCF pr le retrait des filets qui piÃ¨gent et tuent lesâ€¦"
162,Maxou4187,"RT @ParisZoopolis: ğŸ“£Depuis des semaines, PAZ alerte la Mairie de #Paris @C_Najdovski sur ce filet qui piÃ¨ge et tue des #pigeons
â¡ï¸rue de laâ€¦"
163,oreena13,@SNCF pouvez vous me confirmer que le samedi 17/12 le train 9404 Ã  destination de Bordeaux passera bien par marne la vallÃ©e comme prÃ©vu Ã  16h33 ?
164,hannahrbd02,@SNCF  @GroupeSNCF  @SNCFReseau  @SNCFConnect  Si vous annulez des trains le 24 dÃ©cembre on va venir brÃ»ler vos rails Ã§a suffit le chÃ´mage lÃ 
165,SNCFConnect,"@Valvi08612075 @SNCF Bonjour @Valvi08612075 

Afin de vous aider au mieux, pouvez-vous me communiquer en MP votre rÃ©fÃ©rence de rÃ©clamation et le nom associÃ©, s'il vous plaÃ®t ? A bientÃ´t. 
https://t.co/Cs67MI6G2P"
166,overview0effect,"RT @AmandineSanvi: .@GroupeSNCF @SNCFVoyageurs @SNCF @SNCFConnect @SNCFReseau @ConnectGares @SNCFNumerique 
Des pigeons souffrent et meurenâ€¦"
167,plugpress,"Bravo @PCF, seul cohÃ©rent et constant sur ce dossier. 

Maintenant @sncf le retour de Lille - Dijon ? https://t.co/niQpDz3Zrn"
168,TxoriaAmanik,"RT @FEspagnac: Avec de nombreux Ã©lus du #paysbasque nous demandons la relaxe pour Anabelle,Anita, Alice,Laurent,Panpi,Olivier,Julien,Betti,â€¦"
169,RepliqueEthique,"RT @ParisZoopolis: ğŸ“£Depuis des semaines, PAZ alerte la Mairie de #Paris @C_Najdovski sur ce filet qui piÃ¨ge et tue des #pigeons
â¡ï¸rue de laâ€¦"
170,mgbrvlxs,"@SNCF Alors câ€™est dÃ©jÃ  fait je ne vous ai pas attendu, mais votre site est rÃ©ellement le pire site qui puisse exister. Give me my money back"
171,Ayoubramiovov,"RT @MalbecJu: ""Non un TGV n'Ã©met pas 80 fois moins de CO2 qu'un avion"" La @SNCF, premiÃ¨re sur les grÃ¨ves et maintenant premiÃ¨re sur le #Greâ€¦"
172,VinSm0kuu,EH NTM LA PUTE @SNCF @SNCB TOUT LE TEMPS Yâ€™A DES PROBLÃˆMES C BON FRR
173,mgbrvlxs,"Bonjour @SNCF, mise Ã  part faire faire des sites codÃ©s avec le cul, ou annuler des trains sans raison vous savez faire autre chose? Genre rembourser un billet par exemple quand vous faites grÃ¨ve?"
174,Valvi08612075,@SNCF @SNCFConnect Sncf connect j'ai mÃªme un mail qui fait preuve de justificatif d'annulation envoyÃ© par noreply@connect.sncf
175,87_guillaume,RT @GG_Guerin: Merci @MathildeGracia @franceinfo de relayer le quotidien de centaines dâ€™usagers de la #Polt sans vivre lâ€™expÃ©rience on pourâ€¦
176,overview0effect,"RT @ParisZoopolis: ğŸ•–Depuis des annÃ©es, PAZ interpelle les Mairies, @ClientsRATP et @SNCF pr le retrait des filets qui piÃ¨gent et tuent lesâ€¦"
177,overview0effect,"RT @ParisZoopolis: ğŸ“£Depuis des semaines, PAZ alerte la Mairie de #Paris @C_Najdovski sur ce filet qui piÃ¨ge et tue des #pigeons
â¡ï¸rue de laâ€¦"
178,ReRabT,"RT @ParisZoopolis: ğŸ“£Depuis des semaines, PAZ alerte la Mairie de #Paris @C_Najdovski sur ce filet qui piÃ¨ge et tue des #pigeons
â¡ï¸rue de laâ€¦"
179,CpEnrage,"@BelahceneK @KlinkertBrigitt @SNCF C'est la rÃ©gion qui donne ordre Ã  la SNCF de tous les trains qui partent / sont censÃ©s partir. C'est la rÃ©gion qui est responsable de la situation en en demandant trop Ã  la SNCF, pas la SNCF."
180,Valvi08612075,"@SNCFConnect @SNCF un train annulÃ©, en attente de remboursement depuis fin novembre. Pourtant le mail indiquÃ© remboursement ""dans les prochains jours"". Qui contacter ? Merci"
181,CpEnrage,"@KlinkertBrigitt @SNCF Unne dÃ©putÃ© qui ne sait pas que le TER dÃ©pend de la rÃ©gion et que le merdier en ce moment vient de la politique de sa majoritÃ©, c'est beau. Nos Ã©lus ont du talent !"
182,aurelie_abadie,"@Gubalda @eurostarfr @SNCF @SNCFConnect ne lÃ¢che pas ! l'avoir devrait Ãªtre du mÃªme montant que le prix des billets, at least"
183,FFournier63,"@Intercites La maquette c'est bien, mais les vraies rames auront au bas mot 2 ans de retard pour mise en service ! Une rÃ©action @Intercites @SNCF ?
@Obj_Capitales"
184,hay_laurence34,"RT @ParisZoopolis: ğŸ“£Depuis des semaines, PAZ alerte la Mairie de #Paris @C_Najdovski sur ce filet qui piÃ¨ge et tue des #pigeons
â¡ï¸rue de laâ€¦"
185,Gubalda,"@aurelie_abadie @eurostarfr @SNCF @SNCFConnect Pour lâ€™instant, on en est loin !"
186,aurelie_abadie,@Gubalda @eurostarfr @SNCF @SNCFConnect train supprimÃ© = remboursement. C'est aussi simple que Ã§a.
187,NBDYPROD,@elmtdp @SNCF oh lala
188,kornikaned,"@tris250 @KlinkertBrigitt @SNCF Ah Ah Ah, manque de voies, de conducteurs, de matÃ©riels, mais oui la concurrence va tout amÃ©liorer !!!
Vous Ãªtes bien naÃ¯f"
189,ttbary,"Les retards, câ€™est ok, mÃªme si ce nâ€™est pas justifiÃ©. Mais vraiment, quand vous mettez une justification, ne mentez pas. Le rÃ©seau ferrÃ© Suisse nâ€™a eu aucun problÃ¨me, on Ã©tait arrÃªtÃ© Ã  Mulhouse direction Paris. Assumez un peu @SNCF @GroupeSNCF @SNCFConnect https://t.co/6VY5yPZ0Nh"
190,kornikaned,@BalletKija @fabxrider @KlinkertBrigitt @SNCF Grace Ã  des investissements massifs dans le train ( environ 10 fois plus qu'en France pour la Suisse )
191,elmtdp,Allez vous faire enculer @sncf maintenant câ€™est bon tous les week-ends train annulÃ© on est vos putes en gros https://t.co/Aa8v5cObNu
192,camille__75,@Zina78000 @ceceliine @Yoyo5b @IsabelleSurply @SNCF Une invention Ã©triquÃ©e franco-francaise pour dÃ©goÃ»ter du Train.....allez donc voir en Allemagne ou en Suisse !
193,Avocassette,"Ã‡a m'apprendra Ã  prÃ©fÃ©rer le train Ã  l'avion. Ã‰videmment, tous les autres train de la journÃ©e sont complets... Et en plus il faut aller en gare @SNCF pour un Ã©change / remboursement ? On ne peut pas utiliser @SNCFConnect, pour une fois qu'on aimerait pouvoir le faire... https://t.co/roAMKcVGA9"
194,camille__75,"@Yoyo5b @ceceliine @Zina78000 @IsabelleSurply @SNCF Vous ne voyagez jamais en Allemagne ni en Suisse......comme c'est bizarre.....il suffit d'avoir un billet pour le bon parcours gÃ©ographique sans autre question et quelque soit le type de Train en Suisse, en plus ! C'est certain, il gagne des clients fidÃ¨les et non l'inverse !"
195,XCappelaere1,"RT @Emma_Minot: ğŸš³PÃ©ripÃ©ties 2.0 Strasbourg â¡ï¸ Nantes 

Vol annulÃ© par @volotea, train non-rÃ©servable @SNCFâ€¦ 

ConfÃ©rence de presse pour @Viâ€¦"
196,CLFaulques,"RT @Emma_Minot: ğŸš³PÃ©ripÃ©ties 2.0 Strasbourg â¡ï¸ Nantes 

Vol annulÃ© par @volotea, train non-rÃ©servable @SNCFâ€¦ 

ConfÃ©rence de presse pour @Viâ€¦"
197,camille__75,@Zina78000 @IsabelleSurply @SNCF C'est normale la stupiditÃ© chez vous ou vous vous entraÃ®ner........les rÃ¨gles SNCF sont en majeure partie stupides.....allez voyager en Suisse vous verrez comment on gagne des clients plutÃ´t que de dÃ©goÃ»ter les gens du train !
198,UpToChloe,"@SNCFConnect @SNCF Donc @SNCF supprime un @TGV_Lyria prÃ©vu dimanche fin d'aprem. Et te prÃ©vient genre 72h avant.
Forcementâ€¦ tout est archi complet dimanche et lundi toute la journÃ©e.

Les plus gros abrutisğŸ¥‡ğŸ‘ğŸ¾"
199,camille__75,@jipefores @IsabelleSurply @SNCF Ã‡a c'est juste une lÃ©gende.........ne soyez pas stupide !
200,camille__75,"@dwaynax @IsabelleSurply @SNCF Ã€ votre avis, qui fait les rÃ¨gles debiles Ã  vous faire dÃ©tester le Train, sinon la SNCF.     Aller voyager en Suisse et ses cheminots accueillants dont le but est de gagner des clients........"
201,Marine_Binet,"RT @FanaAviationMag: Non, un voyage en TGV nâ€™Ã©met pas Â« 80 fois moins de CO2 Â» comme le prÃ©tend la @SNCF dans une pub. C'est le Jury de dÃ©oâ€¦"
202,__Rawk,@SNCF @SNCFVoyageurs Merci beaucoup !
203,camille__75,"@IsabelleSurply @SNCF Les rÃ¨gles SNCF sont les pires en Europe, avec une mention pour la SNCB aussi. Ã€ vous dÃ©goÃ»ter totalement du Train......prenez exemple sur les chemins de fer fÃ©dÃ©raux suisses.......vous gagnerez des clients !"
204,fanik32,"RT @ParisZoopolis: ğŸ•–Depuis des annÃ©es, PAZ interpelle les Mairies, @ClientsRATP et @SNCF pr le retrait des filets qui piÃ¨gent et tuent lesâ€¦"
205,Miss0Moss,@fIeauuu @SNCF Y a que des merdeux pour annoncer un mouvement de grÃ¨ve deux jours avant
206,camille__75,"@FlavienCartier @IsabelleSurply @SNCF Votre rÃ©ponse vous fait ressembler Ã  un abruti complet trÃ¨s trÃ¨s bas du front........peut Ãªtre, en Ãªtes vous un.....?"
207,nicolinho30,@marseilledetp @SNCF J'ai le mÃ©gaphone en main
208,fIeauuu,@Miss0Moss @SNCF le problÃ¨me c'est que ces tellement des merdeux qu'ils mÃ©ritent mÃªme pas ğŸ˜¹ğŸ˜¹
209,pereraruiz,RT @saghabachian: #2023 Mur de souhaits Paris Gare de Lyon â¦â¦@SNCFâ© https://t.co/mswNc81UVr
210,Miss0Moss,La @SNCF donnez ce qu'ils veulent Ã  vos employÃ©s de m*rde qu'ils laissent tranquille les pauvres gens comme moi qui veulent juste rentrer chez eux
211,LyonNoisy,"@lyonmag Le prÃ©avis de grÃ¨ve c'est @SNCF ... Enfin certains syndicats.
Rien Ã  voir avec la Mairie pour le coup."
212,Kitri1,RT @olivierbianchi1: PrÃ©sentation en gare de @ClermontFd des maquettes (en taille rÃ©elle) des futures rames Â«Â OxygÃ¨neÂ Â» de la ligne @Intercâ€¦
213,b_peace6,"@m_soissons @FlavienCartier @IsabelleSurply @SNCF Donc merci Ã  la rÃ©gion dans ce cas,je dis n'importe quoi excuse-moiğŸ˜Š"
214,hannahrbd02,la @SNCF  vous Ãªtes des ptn de gros chÃ´meurs jâ€™ai jms vu Ã§a a part clc et Ãªtre en retard vous savez rien faire vous mÃ©riterez de payer vos trains au mÃªme tarif que nous bande de voleurs
215,KonoAzaDa,"@masteroffails7 Je suis rentrÃ© dans mon wagon  et tu sais les portes automatiques coulissantes, qui se ferment sur vos passagers @SNCF, ben elles se sont fermer brutalement sur mon coudes, et Ã§a m'a fait comme une dÃ©charge Ã©lectrique dans le bras, et la j'ai des fourmis depuis tout Ã  l'heure"
216,arnaud_gallais,"RT @AmandineSanvi: .@GroupeSNCF @SNCFVoyageurs @SNCF @SNCFConnect @SNCFReseau @ConnectGares @SNCFNumerique 
Des pigeons souffrent et meurenâ€¦"
217,fIeauuu,bande de sac Ã  merde vous servez Ã  RIEN @sncf
218,dep_cubertafon,@Ecologie_Gouv @SNCF @Huguette_Tiegna @NicolasSansu
219,marseilledetp,@nicolinho30 @SNCF Enfile ton gilet bordeeelğŸ¦º
220,jardin_cuisine,"@TERHDF @SNCF @hautsdefrance On se demande le besoin de faire grÃ¨ve, puisque les trains ne partent pas ;-) Marrant, tous les trajets Lille Tournai sont supprimÃ©s. Mais l'abonnement reste payant ! @sncf Vous devriez renoncer aux trains et proposer aux gens... La voitureâ€¯! https://t.co/ZYvgR6HQhu"
221,jbddlp,RT @olivierbianchi1: PrÃ©sentation en gare de @ClermontFd des maquettes (en taille rÃ©elle) des futures rames Â«Â OxygÃ¨neÂ Â» de la ligne @Intercâ€¦
222,KonoAzaDa,Devinez qui a rÃ©ussi Ã  se faire mal avec les portes des wagons de merde de la @SNCF ?
223,Gubalda,"Suite de lâ€™histoire : @eurostarfr nous a renvoyÃ©s vers la @SNCF et @SNCFConnect, qui aprÃ¨s rÃ©clamation, est ""heureux de nous envoyer un avoir de 100â‚¬"". Pour un voyage Ã  230â‚¬ qui Ã©tait censÃ© nous Ãªtre remboursÃ©. Donc pour lâ€™instant, câ€™est un non."
224,zahadek,"RT @ParisZoopolis: ğŸ“£Depuis des semaines, PAZ alerte la Mairie de #Paris @C_Najdovski sur ce filet qui piÃ¨ge et tue des #pigeons
â¡ï¸rue de laâ€¦"
225,jardin_cuisine,"@SNCF @hautsdefrance C'est marrant non, trajet encore supprimÃ© Ã  12.08...  @sncf @TERHDF supprimez la ligne, on gagnera tous du temps ! https://t.co/HNU224uyL5"
226,__Rawk,"@SNCF @SNCFVoyageurs @GroupeSNCF Bonjour, quel est le problÃ¨me avec le train 8486 svp ? Merci de rÃ©pondre aussi, car vous rÃ©pondez JAMAIS"
227,cfouetillou,@LimMetropole @SNCF @Intercites @JPFarandou
228,Udyd56930169,"RT @MalbecJu: ""Non un TGV n'Ã©met pas 80 fois moins de CO2 qu'un avion"" La @SNCF, premiÃ¨re sur les grÃ¨ves et maintenant premiÃ¨re sur le #Greâ€¦"
229,CapgeminiEngFR,"[ğŸš‰#MobilitÃ© #durable ] 5 infos clÃ©s sur le @TrainLeger : une solution de #transport Ã©conome, dÃ©carbonÃ©e et digitalisÃ©e que nous accompagnons avec les partenaires de la @SNCF pour redynamiser les Â« petites lignes Â».
En savoir plus sur ce projetâ¤µï¸
https://t.co/4qgm3oQUho

#Digital https://t.co/TMJNEChhX9"
230,jardin_cuisine,@SNCF @hautsdefrance Heu... Comment dire... Joindre un conseiller par tÃ©lÃ©phone ? Vous avez essayÃ© d'appeler vous ? Je suppose que non...
231,GradelLudovic,@GG_RMC @Olivier_Truchot @EmmanuelMacron Les syndicats de la @SNCF veulent nous faire croire que câ€™est plus dur dâ€™Ãªtre cheminots de nos jours que les mÃ©tiers de constructions
232,Oce_pybth,"@SNCF Dâ€™accord, merci. Bonne journÃ©e"
233,nicolinho30,"Train annulÃ© 10 min avant son arrivÃ©e au dÃ©triment de personnes qui ELLES travaillent. 
Encore une masterclass @SNCF ğŸ˜«ğŸ˜¤ğŸ˜¤"
234,LucasLaboure,@abde_le_goat @leo_haf @SNCF Ou LÃ©o qui nâ€™aime pas les trains
235,amouna2582,"RT @MalbecJu: ""Non un TGV n'Ã©met pas 80 fois moins de CO2 qu'un avion"" La @SNCF, premiÃ¨re sur les grÃ¨ves et maintenant premiÃ¨re sur le #Greâ€¦"
236,TitiiStyles,@SNCF bonjour je voulais savoir si mon train qui part de Paris Gare Du Nord Ã  Lille Flandres circulera le samedi 17 dÃ©cembre mon numÃ©ro de train est le 7053.
237,PascalVINCENT17,RT @olivierbianchi1: PrÃ©sentation en gare de @ClermontFd des maquettes (en taille rÃ©elle) des futures rames Â«Â OxygÃ¨neÂ Â» de la ligne @Intercâ€¦
238,Cellular_PP,@JBAGerritsen @EU_EDPB Let me do a specific #GDPR Request to @SNCF @AirFranceFR ...
239,playroslyn,merci la @SNCF de nous prÃ©venir quand un train est supp câ€™est vraiment super agrÃ©able vraiment ğŸ˜»ğŸ˜» la communication zÃ©ro bande de connards
240,benmaqueda,"@SNCF @SNCFConnect Merci de votre rÃ©ponse, j'ai Ã©galement eu un mail annonÃ§ant la remise en service du site. MAIS cela ne fonctionne toujours pas..."
241,GuPrevel,"RT @ParisZoopolis: ğŸ“£Depuis des semaines, PAZ alerte la Mairie de #Paris @C_Najdovski sur ce filet qui piÃ¨ge et tue des #pigeons
â¡ï¸rue de laâ€¦"
242,BRINDILLE851,"RT @ParisZoopolis: ğŸ“£Depuis des semaines, PAZ alerte la Mairie de #Paris @C_Najdovski sur ce filet qui piÃ¨ge et tue des #pigeons
â¡ï¸rue de laâ€¦"
243,knivySg,"J'apprend que parmis des acteurs que je rencontre, la @SNCF Ã   licencier l'un d'eux Ã  cause de son autre activitÃ© et pas de maniÃ¨re vraiment lÃ©gal. Vous n'avez pas honte ? @STRASS_Syndicat @LeParisien_75 @lemondefr"
244,Oce_pybth,@SNCF Voiture 6
245,karinedelagnier,RT @GG_Guerin: Merci @MathildeGracia @franceinfo de relayer le quotidien de centaines dâ€™usagers de la #Polt sans vivre lâ€™expÃ©rience on pourâ€¦
246,Barbiton,"@SNCF @SNCFConnect @TGVINOUI @TGV_Lyria Bonjour, jâ€™ai reÃ§u un avis dâ€™annulation de mon TGV 9791 du 16/12. Le lien pour modifier ne fonctionne pas car le train nâ€™apparaÃ®t pas annulÃ©.
Est-il annulÃ© ?
Comment me reporter sur le 6473 du 17/12 dans ce cas ?
Merci !"
247,Oce_pybth,@SNCF Le 3634 en provenance de Brive jusquâ€™Ã  paris :/
248,AnquetilFlorian,"@co_garreau @aureliesweet @Thibanon @vfbrancaleoni @gerardjoseph13 Mes dm's sont ouvert , il y a 24h/24 la page @SNCF d'ouverte Ã©galement sur un malentendu ou une proposition je garde toujours un sac de survie en cas de voyage imprÃ©vu Ã  la capitale :)"
249,MarilyneChenuet,"@ParisZoopolis @ClientsRATP @SNCF @ClientsRATP et @SNCF, qu'attendez-vous pour agir en faveur de la cause animale ğŸ¤” ?
Ces pigeons ne vous ont rien fait du tout et sans eux Paris ne serait pas Paris. C'est comme si Venise perdait les siens..."
250,unbichoinquieto,"RT @ParisZoopolis: ğŸ“£Depuis des semaines, PAZ alerte la Mairie de #Paris @C_Najdovski sur ce filet qui piÃ¨ge et tue des #pigeons
â¡ï¸rue de laâ€¦"
251,InesVerreblanc,@SNCF Je suis trÃ¨s Ã©nervÃ©e! TGV aller 6964: on nous prÃ©vient 1h aprÃ¨s le dÃ©part que la restauration est fermÃ© je nâ€™ai pas pu manger ni boire !! TGV retour 6937 1h de retard et le formulaire G30 ne fonctionne pas !!! ğŸ˜¡ğŸ˜¡ğŸ˜¡ğŸ˜¡ğŸ˜¡ğŸ˜¡ğŸ˜¡ğŸ˜¡ğŸ˜¡ğŸ˜¡ğŸ˜¡ğŸ˜¡ğŸ˜¡
252,Cedric_Decoeur,"@RERC_SNCF Pour Ãªtre prÃ©cis et comprendre les interventions de @RERC_SNCF il faut savoir qu'Ã  la @SNCF, quand on dit ""(...) les conditions de dÃ©part ne sont pas rÃ©unies (...)"", cela signifie que l'entreprise est incapable d'avoir une rame, un sillon et un conducteur."
253,carlusbo,"RT @Cherchristo: On the 12 &amp; 13 of December were held in Paris, the kick off meeting of the @EURail_JU FP2-#R2DATO project at the invitatioâ€¦"
254,glenthe_best,"RT @FanaAviationMag: Non, un voyage en TGV nâ€™Ã©met pas Â« 80 fois moins de CO2 Â» comme le prÃ©tend la @SNCF dans une pub. C'est le Jury de dÃ©oâ€¦"
255,BrakhaRaphael,"Masochistes, on a voulu rÃ©essayer. Ce coup-ci, @Chronopost n'a mÃªme pas daignÃ© se pointer rÃ©cupÃ©rer la valise sur son point de dÃ©part. Nous voyagerons donc avec la valise et espÃ©rons une compensation gÃ©nÃ©reuse de @SNCF... https://t.co/LUyjyHnMm4"
256,JeanMarieBost1,RT @GG_Guerin: Merci @MathildeGracia @franceinfo de relayer le quotidien de centaines dâ€™usagers de la #Polt sans vivre lâ€™expÃ©rience on pourâ€¦
257,Seb_Coy,"RT @ParisZoopolis: ğŸ•–Depuis des annÃ©es, PAZ interpelle les Mairies, @ClientsRATP et @SNCF pr le retrait des filets qui piÃ¨gent et tuent lesâ€¦"
258,Seb_Coy,"RT @ParisZoopolis: ğŸ“£Depuis des semaines, PAZ alerte la Mairie de #Paris @C_Najdovski sur ce filet qui piÃ¨ge et tue des #pigeons
â¡ï¸rue de laâ€¦"
259,Seb_Coy,"RT @AmandineSanvi: .@GroupeSNCF @SNCFVoyageurs @SNCF @SNCFConnect @SNCFReseau @ConnectGares @SNCFNumerique 
Des pigeons souffrent et meurenâ€¦"
260,ClaraC22540257,@SNCF also your directions for finding compensation for a delayed train are very bad. What is the actual form or contact email? Directing me to the home page is incredibly unhelpful
261,Oce_pybth,@SNCF je paie un billet de train avec wifi et Ã§a fait 1h jâ€™essaye de me co ğŸ¥²
262,ClaraC22540257,"@SNCF my train was delayed, I missed my connection, took the next fast train bc the following was in 4 hrs, then charged bc â€œnot valid ticketâ€, charged again â€œby mistakeâ€ - who is going to refund me??? This is outrageous"
263,CyrilCineux,RT @olivierbianchi1: PrÃ©sentation en gare de @ClermontFd des maquettes (en taille rÃ©elle) des futures rames Â«Â OxygÃ¨neÂ Â» de la ligne @Intercâ€¦
264,mobiwisy,"AprÃ¨s trois ans de fermeture, la ligne @SNCF entre #Grenoble et #Gap a rouvert ce dimanche 11 dÃ©cembre ğŸš† Certains sâ€™inquiÃ¨tent pourtant de lâ€™avenir de la ligne.
#train #SNCF 
https://t.co/o46ByMsIos"
265,Jeromerigaudias,RT @olivierbianchi1: PrÃ©sentation en gare de @ClermontFd des maquettes (en taille rÃ©elle) des futures rames Â«Â OxygÃ¨neÂ Â» de la ligne @Intercâ€¦
266,FOURCHETCHRISTI,"RT @ParisZoopolis: ğŸ•–Depuis des annÃ©es, PAZ interpelle les Mairies, @ClientsRATP et @SNCF pr le retrait des filets qui piÃ¨gent et tuent lesâ€¦"
267,twtma,bonjour @sncf le train 7672 du 16/12 entre bordeaux et paris circulera malgrÃ© les grÃ¨ves prÃ©vues ?
268,isabelle_embora,"RT @ParisZoopolis: ğŸ“£Depuis des semaines, PAZ alerte la Mairie de #Paris @C_Najdovski sur ce filet qui piÃ¨ge et tue des #pigeons
â¡ï¸rue de laâ€¦"
269,RafaelAde911,@AlianzaFerro_2 @Renfe @sanchezcastejon @SNCF Si hay subvenciÃ³n habrÃ¡ trenes nocturnos (depende del gobierno)... Yo criticarÃ­a pq se subvencionan aviones y autobuses (incluidos autobuses nocturnos)
270,Ies69863279,"@StephanieLevy75 @franceinter @CBeaune et pas faux en plus ! urgence Ã  paris, ma fille en sÃ©minaire, mon gendre en dÃ©placements, besoin nounou enfants malades ! devinez ? 90â‚¬ @AirFranceFR et 225 â‚¬ @SNCF ?? cherchez lâ€™erreur ğŸ˜±ğŸ˜±ğŸ˜±"
271,AmandineSanvi,"RT @ParisZoopolis: ğŸ•–Depuis des annÃ©es, PAZ interpelle les Mairies, @ClientsRATP et @SNCF pr le retrait des filets qui piÃ¨gent et tuent lesâ€¦"
272,AmandineSanvi,".@GroupeSNCF @SNCFVoyageurs @SNCF @SNCFConnect @SNCFReseau @ConnectGares @SNCFNumerique 
Des pigeons souffrent et meurent rue de la JonquiÃ¨re Ã  #Paris17e, nous vous demandons de retirer le filet.

La #conditionAnimale compte ! https://t.co/RJokKc6K9J"
273,TERHDF,"@Pouicccc @SNCFConnect @SNCF @Intercites Bonjour, le plan de transport dÃ©finitif dans la rÃ©gion Hauts-de-France sera disponible Ã  partir de 17h ce soir. Vous pourrez effectuer une recherche d'itinÃ©raire pour vÃ©rifier la circulation de votre TER entre Paris et Amiens. Restant Ã  votre service."
274,ParisZoopolis,"ğŸ•–Depuis des annÃ©es, PAZ interpelle les Mairies, @ClientsRATP et @SNCF pr le retrait des filets qui piÃ¨gent et tuent les #pigeons 

ğŸ˜±Ã€ chaque fois, nous constatons des oiseaux vivants qui cÃ´toient des cadavres. La souffrance animale n'est pas acceptable

https://t.co/ffEAB2KRly https://t.co/caK16PgmSw"
275,boisou,Il faut la pratiquer pour le croire. Merci @MathildeGracia de mettre en lumiÃ¨re la rÃ©alitÃ© des trajets entre Limoges et Paris. A se demander si la stratÃ©gie de @SNCF ne consiste pas Ã  vider la ligne de ses voyageursâ€¦. https://t.co/H1V0njGFuB
276,cyprienmm,@RERD_SNCF Du coup @RERD_SNCF @SNCF  Ã§a spasse comment je vous envoie la facture pour la rÃ©servation que je n'ai pas pu honorer ? 130e Ã  la poubelle. ğŸ¥µ @vpecresse je vais comme vous sinon je quÃ©mande au peuple ?
277,Draven974,"RT @ParisZoopolis: ğŸ“£Depuis des semaines, PAZ alerte la Mairie de #Paris @C_Najdovski sur ce filet qui piÃ¨ge et tue des #pigeons
â¡ï¸rue de laâ€¦"
278,BenedicteColnet,Je vous donne un indice.... @thetrainline @SNCF https://t.co/JE3q91lgIh
279,abies77,RT @olivierbianchi1: PrÃ©sentation en gare de @ClermontFd des maquettes (en taille rÃ©elle) des futures rames Â«Â OxygÃ¨neÂ Â» de la ligne @Intercâ€¦
280,ParisZoopolis,"ğŸ“£Depuis des semaines, PAZ alerte la Mairie de #Paris @C_Najdovski sur ce filet qui piÃ¨ge et tue des #pigeons
â¡ï¸rue de la JonquiÃ¨re, #Paris17e
Selon la Mairie, ce pont est gÃ©rÃ© par la @SNCF : nous leur avons Ã©crit
ğŸ†˜Nous demandons le retrait de ce filetğŸ¦

https://t.co/ffEAB2KRly https://t.co/16LJxaq0zd"
281,FabriceTurboult,"Dites @cbeaune, un comparatif 2021 / 2022 du mÃªme voyage, mÃªme pÃ©riode, mÃªme nb de voyageurs. 52% d'augmentation sur ces billets @SNCF . Et vous osez dire que les prix n'ont pas tellement augmentÃ©.
Une solide connaissance du dossier, lÃ  ...
#Transport https://t.co/pKWpvlUexM https://t.co/n4r8yRoRyI"
282,Pouicccc,"@SNCFConnect @SNCF @Intercites @TERHDF bonjour,
Pourriez-vous m'indiquer si le train nÂ°5966 prÃ©vu le 16 dÃ©cembre a 10h27 au dÃ©part de Clermont-Ferrand et Ã  destination de Paris est maintenu, ainsi que le ter k10 de 15h04 Ã  la mÃªme date partant de Paris Ã  destination d'Amiens svp"
283,salsifis01,"La @SNCF t'annules ton voyage, tu passes 5 minutes dans un tunnel Ã  parler Ã  un robot, pour te dire Ã  la fin qu'ils ne sont pas disponibles, te remercient et raccrochent. Quel enfer bordel, je veux juste Ã©changer mon billet sans frais moi."
284,VILLEGER5,"@GG_Guerin @MathildeGracia @franceinfo @SNCF @CBeaune @Elisabeth_Borne @Elysee @CCILimoges @al_rousset @Prefet87 Au delÃ  des retards inadmissibles pouvant atteindre comme vendredi dernier 5h30,c est le concept "" tant que le train ne demarre pas  les toilettes sont fermees...""qui est inadmissible:5h30 d attente avant de pouvoir aller aux toilettes...quand on est dans le train est une honte"
285,Laurent67037962,RT @olivierbianchi1: PrÃ©sentation en gare de @ClermontFd des maquettes (en taille rÃ©elle) des futures rames Â«Â OxygÃ¨neÂ Â» de la ligne @Intercâ€¦
286,idole14857261,RT @olivierbianchi1: PrÃ©sentation en gare de @ClermontFd des maquettes (en taille rÃ©elle) des futures rames Â«Â OxygÃ¨neÂ Â» de la ligne @Intercâ€¦
287,ClaireDepardieu,"@SNCF Quand une ligne traverse plusieurs rÃ©gions, qui gÃ¨re, du coup?"
288,Xoman08,"With all due respect @SNCF , ruling out #NightJet trains between Paris and Barcelona, you are committing a mistake. I already do the route London to/from Barcelona by train via Paris. If night trains were introduced, I would take those.  https://t.co/fLFbahcXUY"
289,AgenceOzelys,"RT @FanaAviationMag: Non, un voyage en TGV nâ€™Ã©met pas Â« 80 fois moins de CO2 Â» comme le prÃ©tend la @SNCF dans une pub. C'est le Jury de dÃ©oâ€¦"
290,Oblivione_1900,@regiongrandest @VilledeCMz @TER__SNCF @SNCF Trajet sympa le long de la Meuse.
291,HummelV,"@MaudValegeas Autre chose. Quand j'ai voulu acheter un billet pour aller d'OrlÃ©ans Ã  une petite gare d'Auvergne, le site web de la @SNCF proposait uniquement des trajets par Paris #arnaque . J'ai dÃ» tricher en achetant deux billets, un OrlÃ©ans-Nevers + un Nevers-Auvergne. 35â‚¬ de moins!"
292,olivierbianchi1,PrÃ©sentation en gare de @ClermontFd des maquettes (en taille rÃ©elle) des futures rames Â«Â OxygÃ¨neÂ Â» de la ligne @Intercites Paris-Clermont. PremiÃ¨res livraisons prÃ©vues Ã  lâ€™Ã©tÃ© 2024. Une Ã©volution indispensable mais certainement pas une finalitÃ© pour cette ligne sinistrÃ©e. @SNCF https://t.co/4RpoWoFm9v
293,CitoyenLyon9,"@BFMLyon @SNCF si vous ne contrÃ´lez pas mieux les grÃ¨ves qui paralysent les grandes lignes et les TER rÃ©gionaux, vous allez vous faire bouffer tout cru. Les franÃ§ais n'en pleuvent plus de votre service dÃ©cousu : un jour Ã§a marche, un jour Ã§a fait grÃ¨ve."
294,TerryandtheBirb,"Dites @SNCF, avec la carte avantage jeune on n'est pas censÃ© avoir des prix plafonnÃ©s ? Parce que 128 â‚¬ pour un Lille - Paris, Ã§a ne me semble pas trÃ¨s plafonnÃ© ğŸ¤¡"
295,ClaireDepardieu,"@SNCF C'est via ce site que j'ai reÃ§u cette ""non rÃ©ponse"""
296,ChapuisCamille,@Vie2Palais @SNCF Habiter*
297,Vicdmvh,RT @radiometropolys: @SNCF : de lÃ©gÃ¨res perturbations pour le 1er week-end de #vacances - Metropolys #Circulation #MobilitÃ© #Train #GrÃ¨ve #â€¦
298,BenoistLaurence,@filbiniou @SNCF @Intercites @alainkrakovitch @Obj_Capitales @UsagerTrainPari Pour une fois quâ€™ils savent dâ€™avance que le train va Ãªtre en retard tâ€™exagÃ¨re ğŸ˜‚
299,UpToChloe,"@Alexis_Pineaud @SNCFConnect @SNCF Ahahahah !  ğŸ’€

Si je devais dÃ©bourser 1 ct de plus, je monterai dans n'importe quel train qui m'amÃ¨ne Ã  destination et le premier qui veut me coller une amende, il va pas Ãªtre dÃ©Ã§u du voyage !"
